Algorithm,Size,Comparisons,Swaps,Writes,Min Runtime,Max Runtime,Mean Runtime
BUBBLE,20,2090,473,0,0.258631,1.588257,0.48013580000000006
SELECTION,20,1045,93,0,0.092773,0.160938,0.1143722
INSERTION,20,577,473,88,0.070404,0.166395,0.0938046
MERGE,20,346,0,484,0.097969,0.349906,0.1582214
QUICK,20,396,258,0,0.045511,0.129436,0.06397710000000001
HEAP,20,852,517,0,0.182014,0.309649,0.2092477
BUBBLE,70,26565,7265,0,1.941905,4.288305,2.4846060999999997
SELECTION,70,13282,357,0,0.828704,1.69915,0.9947659999999999
INSERTION,70,7645,7265,357,0.822099,1.078239,0.8662461
MERGE,70,1919,0,2376,0.270258,0.402519,0.2942113
QUICK,70,2304,1798,0,0.220805,0.281482,0.23295770000000005
HEAP,70,4218,2359,0,0.191932,0.412677,0.22612569999999996
BUBBLE,100,153450,36084,0,1.180923,4.206227,1.4285187
SELECTION,100,76725,1441,0,0.499149,1.790778,0.8755309333333335
INSERTION,100,37618,36084,1472,0.311302,1.205293,0.9207004333333334
MERGE,100,8509,0,10416,0.185209,0.368988,0.20589153333333332
QUICK,100,11160,7858,0,0.077461,12.588532,0.5209324333333334
HEAP,100,19018,10540,0,0.265232,0.379149,0.28947383333333326
BUBBLE,150,346425,84351,0,1.070539,17.722241,3.0380198
SELECTION,150,173212,2170,0,1.004334,20.978828,2.832140133333333
INSERTION,150,86660,84351,2216,0.818232,13.315252,1.8449038
MERGE,150,14105,0,16957,0.180655,0.605836,0.25855653333333334
QUICK,150,17422,11795,0,0.091133,0.548004,0.1460016
HEAP,150,31387,17236,0,0.272495,0.841212,0.3736539333333334
BUBBLE,1000,5494500,1352417,0,52.931839,336.862011,134.5258061
SELECTION,1000,2747250,5428,0,17.053862,115.992623,39.131234000000006
INSERTION,1000,1357911,1352417,5417,18.968791,141.178412,43.36809409999999
MERGE,1000,47971,0,54868,0.9389,1.361572,1.0979348
QUICK,1000,65994,53652,0,0.712782,1.133511,0.8020331
HEAP,1000,103169,54862,0,1.704947,2.231181,1.8582098999999999
BUBBLE,1000,5494500,1331335,0,56.272701,270.056958,124.55659920000001
SELECTION,1000,2747250,5417,0,23.910745,61.41472,38.0835962
INSERTION,1000,1336830,1331335,5406,16.111421,200.294646,59.5234971
MERGE,1000,47811,0,54868,0.630743,1.044911,0.8295648999999999
QUICK,1000,68700,51969,0,0.468126,0.858912,0.6276002
HEAP,1000,103378,55033,0,1.196328,2.076121,1.4370154000000002
BUBBLE,200,417900,107856,0,2.012216,28.203375,4.8375493999999994
SELECTION,200,208950,2047,0,0.824544,2.809983,1.2375685499999998
INSERTION,200,109945,107856,2047,1.055298,3.257079,1.4805330499999998
MERGE,200,13566,0,16212,0.248373,0.637368,0.3256656000000001
QUICK,200,14899,9513,0,0.109271,0.419926,0.16557845
HEAP,200,29778,16023,0,0.306527,0.906724,0.4144582
BUBBLE,500,2619750,642621,0,10.946025,28.619672,16.436960300000003
SELECTION,500,1309875,5124,0,3.373239,189.030218,15.27478595
INSERTION,500,647860,642621,5134,4.12841,125.68769,14.787944
MERGE,500,40561,0,47124,0.38238,0.714811,0.46623639999999994
QUICK,500,54054,40887,0,0.230175,0.577956,0.32026450000000006
HEAP,500,88662,47617,0,0.618041,2.450763,0.96735385
BUBBLE,700,5137650,1200885,0,19.954095,134.320597,39.89311505
SELECTION,700,2568825,7234,0,7.465209,108.694257,17.773338200000005
INSERTION,700,1208224,1200885,7224,6.913897,32.688272,16.394869950000004
MERGE,700,60490,0,70098,1.014026,2.973858,1.4169749
QUICK,700,87790,61078,0,0.723172,2.68829,1.0486187999999999
HEAP,700,131113,70287,0,1.458577,3.740255,1.8806714
MERGE,9000,160245,0,177924,36.381506,72.500572,54.441039
QUICK,9000,753384,710193,0,170.35169,175.568013,172.9598515
HEAP,9000,338787,177774,0,82.995347,110.025878,96.51061250000001
SELECTION,9000,60743250,13366,0,3357.684279,3468.560745,3413.122512
BUBBLE,9000,121486500,29993085,0,7525.509493,8506.591736,8016.0506145
INSERTION,9000,30006583,29993085,13369,2905.274173,3588.812293,3247.043233
BUBBLE,3000,17994000,4431612,0,816.886075,1060.343156,960.4901116666666
SELECTION,3000,8997000,5924,0,316.749145,515.699857,384.297
INSERTION,3000,4437610,4431612,5926,298.512411,535.486662,377.7197146666667
MERGE,3000,61658,0,69808,4.088259,4.269671,4.16097
QUICK,3000,142346,118860,0,5.375543,8.14441,6.371716666666667
HEAP,3000,131904,69670,0,4.812347,5.643944,5.354427
BUBBLE,4000,47988000,11978184,0,1325.057093,2048.004639,1701.052135
SELECTION,4000,23994000,11862,0,218.206808,642.02482,459.333845
INSERTION,4000,11990181,11978184,11841,360.468114,975.766551,647.7616908
MERGE,4000,128085,0,143712,5.735734,7.100819,6.1381014
QUICK,4000,345018,303450,0,12.163719,35.455289,17.1220936
HEAP,4000,272967,143874,0,8.449256,124.050407,32.092005799999995
BUBBLE,5000,49990000,12275038,0,2056.071174,2479.74377,2248.6198323333338
SELECTION,5000,24995000,9880,0,680.461969,740.894352,708.2598726666666
INSERTION,5000,12285036,12275038,9876,879.410282,1233.179854,1000.621752
MERGE,5000,110296,0,123616,6.122316,6.381773,6.239140666666667
QUICK,5000,338482,313678,0,11.161962,19.278302,16.310759666666666
HEAP,5000,234350,123306,0,9.379067,12.031016,10.301972666666666
BUBBLE,6000,71988000,17812256,0,3554.891233,3898.114343,3678.5271086666667
SELECTION,6000,35994000,11836,0,883.726593,1455.513677,1209.781841
INSERTION,6000,17824254,17812256,11850,1150.942251,1725.53922,1398.7019323333334
MERGE,6000,135496,0,151616,13.884203,14.874123,14.457923000000001
QUICK,6000,453526,428610,0,28.650444,37.505582,33.435733666666664
HEAP,6000,287844,151328,0,10.515505,13.605919,12.101417333333332
